AÑO,MES,CORREGIMIENTO/BARRIO,ZONA WIFI,OTRO,SMARTPHONE,TABLET,PC
2024,ENERO,BAYUNCA,BIBLIOTEC DISTRITAL BAYUNCA,9,18352,2,507
2024,FEBRERO,BAYUNCA,BIBLIOTEC DISTRITAL BAYUNCA,13,21359,2,559
2024,MARZO,BAYUNCA,BIBLIOTEC DISTRITAL BAYUNCA,0,0,0,0
2024,ABRIL,BAYUNCA,BIBLIOTEC DISTRITAL BAYUNCA,0,0,0,0
2024,MAYO,BAYUNCA,BIBLIOTEC DISTRITAL BAYUNCA,0,2,0,4
2024,JUNIO,BAYUNCA,BIBLIOTEC DISTRITAL BAYUNCA,0,1439,0,61
2024,JULIO,BAYUNCA,BIBLIOTEC DISTRITAL BAYUNCA,1,2145,0,56
2024,AGOSTO,BAYUNCA,BIBLIOTEC DISTRITAL BAYUNCA,1,2143,0,59
2024,SEPTIEMBRE,BAYUNCA,BIBLIOTEC DISTRITAL BAYUNCA,1,1918,0,67
2024,OCTUBRE,BAYUNCA,BIBLIOTEC DISTRITAL BAYUNCA,0,2478,1,63
2024,NOVIEMBRE,BAYUNCA,BIBLIOTEC DISTRITAL BAYUNCA,0,2650,1,70
2024,DICIEMBRE,BAYUNCA,BIBLIOTEC DISTRITAL BAYUNCA,6,2998,0,66
2025,ENERO,BAYUNCA,BIBLIOTEC DISTRITAL BAYUNCA,0,2579,0,61
2025,FEBRERO,BAYUNCA,BIBLIOTEC DISTRITAL BAYUNCA,4,3007,0,52
2025,MARZO,BAYUNCA,BIBLIOTEC DISTRITAL BAYUNCA,34,3479,0,77
2024,ENERO,CIUDADELA LA PAZ,CIUDADELA LA PAZ,2,24427,0,38
2024,FEBRERO,CIUDADELA LA PAZ,CIUDADELA LA PAZ,0,0,0,0
2024,MARZO,CIUDADELA LA PAZ,CIUDADELA LA PAZ,0,0,0,0
2024,ABRIL,CIUDADELA LA PAZ,CIUDADELA LA PAZ,0,0,0,0
2024,MAYO,CIUDADELA LA PAZ,CIUDADELA LA PAZ,0,98,0,0
2024,JUNIO,CIUDADELA LA PAZ,CIUDADELA LA PAZ,0,1777,0,5
2024,JULIO,CIUDADELA LA PAZ,CIUDADELA LA PAZ,1,3029,0,2
2024,AGOSTO,CIUDADELA LA PAZ,CIUDADELA LA PAZ,0,3080,0,10
2024,SEPTIEMBRE,CIUDADELA LA PAZ,CIUDADELA LA PAZ,1,3153,0,6
2024,OCTUBRE,CIUDADELA LA PAZ,CIUDADELA LA PAZ,0,4228,0,2
2024,NOVIEMBRE,CIUDADELA LA PAZ,CIUDADELA LA PAZ,0,4187,0,2
2024,DICIEMBRE,CIUDADELA LA PAZ,CIUDADELA LA PAZ,0,4875,0,11
2025,ENERO,CIUDADELA LA PAZ,CIUDADELA LA PAZ,1,4457,0,10
2025,FEBRERO,CIUDADELA LA PAZ,CIUDADELA LA PAZ,5,4085,0,6
2025,MARZO,CIUDADELA LA PAZ,CIUDADELA LA PAZ,15,3613,0,16
2024,ENERO,COLOMBIATÓN,BIBLIOTECA COLOMBIATÓN,0,0,0,0
2024,FEBRERO,COLOMBIATÓN,BIBLIOTECA COLOMBIATÓN,0,0,0,0
2024,MARZO,COLOMBIATÓN,BIBLIOTECA COLOMBIATÓN,0,0,0,0
2024,ABRIL,COLOMBIATÓN,BIBLIOTECA COLOMBIATÓN,0,0,0,0
2024,MAYO,COLOMBIATÓN,BIBLIOTECA COLOMBIATÓN,0,0,0,0
2024,JUNIO,COLOMBIATÓN,BIBLIOTECA COLOMBIATÓN,1,97,0,2
2024,JULIO,COLOMBIATÓN,BIBLIOTECA COLOMBIATÓN,1,313,0,6
2024,AGOSTO,COLOMBIATÓN,BIBLIOTECA COLOMBIATÓN,0,370,0,4
2024,SEPTIEMBRE,COLOMBIATÓN,BIBLIOTECA COLOMBIATÓN,8,347,0,0
2024,OCTUBRE,COLOMBIATÓN,BIBLIOTECA COLOMBIATÓN,0,413,0,6
2024,NOVIEMBRE,COLOMBIATÓN,BIBLIOTECA COLOMBIATÓN,2,366,0,1
2024,DICIEMBRE,COLOMBIATÓN,BIBLIOTECA COLOMBIATÓN,0,495,0,0
2025,ENERO,COLOMBIATÓN,BIBLIOTECA COLOMBIATÓN,1,466,0,0
2025,FEBRERO,COLOMBIATÓN,BIBLIOTECA COLOMBIATÓN,1,349,0,3
2025,MARZO,COLOMBIATÓN,BIBLIOTECA COLOMBIATÓN,2,308,0,5
2024,ENERO,EL SOCORRO,JORGE ARTEL,0,0,0,0
2024,FEBRERO,EL SOCORRO,JORGE ARTEL,0,0,0,0
2024,MARZO,EL SOCORRO,JORGE ARTEL,0,0,0,0
2024,ABRIL,EL SOCORRO,JORGE ARTEL,0,0,0,0
2024,MAYO,EL SOCORRO,JORGE ARTEL,0,11,0,0
2024,JUNIO,EL SOCORRO,JORGE ARTEL,0,257,0,3
2024,JULIO,EL SOCORRO,JORGE ARTEL,0,539,0,10
2024,AGOSTO,EL SOCORRO,JORGE ARTEL,0,795,0,10
2024,SEPTIEMBRE,EL SOCORRO,JORGE ARTEL,0,815,0,30
2024,OCTUBRE,EL SOCORRO,JORGE ARTEL,0,894,0,21
2024,NOVIEMBRE,EL SOCORRO,JORGE ARTEL,0,382,0,0
2024,DICIEMBRE,EL SOCORRO,JORGE ARTEL,0,470,0,1
2025,ENERO,EL SOCORRO,JORGE ARTEL,0,346,0,2
2025,FEBRERO,EL SOCORRO,JORGE ARTEL,6,931,0,5
2025,MARZO,EL SOCORRO,JORGE ARTEL,12,1034,0,4
2024,ENERO,SAN FRANCISCO,PARQUE SAN FRANCISCO,0,50,0,0
2024,FEBRERO,SAN FRANCISCO,PARQUE SAN FRANCISCO,0,28,0,0
2024,MARZO,SAN FRANCISCO,PARQUE SAN FRANCISCO,0,30,0,0
2024,ABRIL,SAN FRANCISCO,PARQUE SAN FRANCISCO,0,43,0,0
2024,MAYO,SAN FRANCISCO,PARQUE SAN FRANCISCO,0,141,0,0
2024,JUNIO,SAN FRANCISCO,PARQUE SAN FRANCISCO,0,1292,0,4
2024,JULIO,SAN FRANCISCO,PARQUE SAN FRANCISCO,4,1877,0,2
2024,AGOSTO,SAN FRANCISCO,PARQUE SAN FRANCISCO,0,818,0,5
2024,SEPTIEMBRE,SAN FRANCISCO,PARQUE SAN FRANCISCO,0,1432,0,14
2024,OCTUBRE,SAN FRANCISCO,PARQUE SAN FRANCISCO,0,440,0,0
2024,NOVIEMBRE,SAN FRANCISCO,PARQUE SAN FRANCISCO,0,373,0,0
2024,DICIEMBRE,SAN FRANCISCO,PARQUE SAN FRANCISCO,0,2066,0,14
2025,ENERO,SAN FRANCISCO,PARQUE SAN FRANCISCO,0,2752,0,15
2025,FEBRERO,SAN FRANCISCO,PARQUE SAN FRANCISCO,8,2385,0,15
2025,MARZO,SAN FRANCISCO,PARQUE SAN FRANCISCO,18,788,0,5
2024,ENERO,CIUDADELA 2000,INSPECCION DE POLICIA CIUDADELA 2000,0,21,0,1
2024,FEBRERO,CIUDADELA 2000,INSPECCION DE POLICIA CIUDADELA 2000,0,15,0,2
2024,MARZO,CIUDADELA 2000,INSPECCION DE POLICIA CIUDADELA 2000,0,30,0,0
2024,ABRIL,CIUDADELA 2000,INSPECCION DE POLICIA CIUDADELA 2000,0,15,0,1
2024,MAYO,CIUDADELA 2000,INSPECCION DE POLICIA CIUDADELA 2000,0,36,0,2
2024,JUNIO,CIUDADELA 2000,INSPECCION DE POLICIA CIUDADELA 2000,0,1920,0,38
2024,JULIO,CIUDADELA 2000,INSPECCION DE POLICIA CIUDADELA 2000,0,2806,0,64
2024,AGOSTO,CIUDADELA 2000,INSPECCION DE POLICIA CIUDADELA 2000,0,2770,0,54
2024,SEPTIEMBRE,CIUDADELA 2000,INSPECCION DE POLICIA CIUDADELA 2000,0,2659,0,73
2024,OCTUBRE,CIUDADELA 2000,INSPECCION DE POLICIA CIUDADELA 2000,0,3046,0,42
2024,NOVIEMBRE,CIUDADELA 2010,INSPECCION DE POLICIA CIUDADELA 2000,0,3046,0,42
2024,DICIEMBRE,CIUDADELA 2000,INSPECCION DE POLICIA CIUDADELA 2000,1,1966,0,31
2025,ENERO,CIUDADELA 2000,INSPECCION DE POLICIA CIUDADELA 2000,0,1787,0,35
2025,FEBRERO,CIUDADELA 2000,INSPECCION DE POLICIA CIUDADELA 2000,13,2760,0,46
2025,MARZO,CIUDADELA 2000,INSPECCION DE POLICIA CIUDADELA 2000,13,3154,0,75
2024,ENERO,LOS JARDINES,INSPECCION DE POLICIA ALTOS DEL JARDIN,0,14,0,1
2024,FEBRERO,LOS JARDINES,INSPECCION DE POLICIA ALTOS DEL JARDIN,0,14,0,1
2024,MARZO,LOS JARDINES,INSPECCION DE POLICIA ALTOS DEL JARDIN,0,3,0,0
2024,ABRIL,LOS JARDINES,INSPECCION DE POLICIA ALTOS DEL JARDIN,0,2,0,0
2024,MAYO,LOS JARDINES,INSPECCION DE POLICIA ALTOS DEL JARDIN,0,21,0,0
2024,JUNIO,LOS JARDINES,INSPECCION DE POLICIA ALTOS DEL JARDIN,1,630,0,24
2024,JULIO,LOS JARDINES,INSPECCION DE POLICIA ALTOS DEL JARDIN,0,761,0,14
2024,AGOSTO,LOS JARDINES,INSPECCION DE POLICIA ALTOS DEL JARDIN,0,685,0,10
2024,SEPTIEMBRE,LOS JARDINES,INSPECCION DE POLICIA ALTOS DEL JARDIN,0,633,0,10
2024,OCTUBRE,LOS JARDINES,INSPECCION DE POLICIA ALTOS DEL JARDIN,0,695,0,3
2024,NOVIEMBRE,LOS JARDINES,INSPECCION DE POLICIA ALTOS DEL JARDIN,0,1015,0,18
2024,DICIEMBRE,LOS JARDINES,INSPECCION DE POLICIA ALTOS DEL JARDIN,0,1228,0,30
2025,ENERO,LOS JARDINES,INSPECCION DE POLICIA ALTOS DEL JARDIN,0,1360,0,2
2025,FEBRERO,LOS JARDINES,INSPECCION DE POLICIA ALTOS DEL JARDIN,4,1181,0,3
2025,MARZO,LOS JARDINES,INSPECCION DE POLICIA ALTOS DEL JARDIN,16,595,0,23
2024,ENERO,EL CENTRO,PLAZA DE LA ADUANA,0,37,0,0
2024,FEBRERO,EL CENTRO,PLAZA DE LA ADUANA,0,54,0,0
2024,MARZO,EL CENTRO,PLAZA DE LA ADUANA,0,129,0,3
2024,ABRIL,EL CENTRO,PLAZA DE LA ADUANA,0,66,0,1
2024,MAYO,EL CENTRO,PLAZA DE LA ADUANA,0,45,0,0
2024,JUNIO,EL CENTRO,PLAZA DE LA ADUANA,5,1501,0,9
2024,JULIO,EL CENTRO,PLAZA DE LA ADUANA,2,1727,0,8
2024,AGOSTO,EL CENTRO,PLAZA DE LA ADUANA,1,2065,0,13
2024,SEPTIEMBRE,EL CENTRO,PLAZA DE LA ADUANA,0,1766,0,10
2024,OCTUBRE,EL CENTRO,PLAZA DE LA ADUANA,2,1927,0,10
2024,NOVIEMBRE,EL CENTRO,PLAZA DE LA ADUANA,0,2375,0,26
2024,DICIEMBRE,EL CENTRO,PLAZA DE LA ADUANA,0,2443,0,13
2025,ENERO,EL CENTRO,PLAZA DE LA ADUANA,1,2126,0,5
2025,FEBRERO,EL CENTRO,PLAZA DE LA ADUANA,11,1639,0,7
2025,MARZO,EL CENTRO,PLAZA DE LA ADUANA,25,1838,0,3
2024,ENERO,BOCAGRANDE,INSPECCION DE POLICIA DE BOCAGRANDE,0,5,0,0
2024,FEBRERO,BOCAGRANDE,INSPECCION DE POLICIA DE BOCAGRANDE,0,5,0,0
2024,MARZO,BOCAGRANDE,INSPECCION DE POLICIA DE BOCAGRANDE,0,0,0,1
2024,ABRIL,BOCAGRANDE,INSPECCION DE POLICIA DE BOCAGRANDE,0,1,0,0
2024,MAYO,BOCAGRANDE,INSPECCION DE POLICIA DE BOCAGRANDE,0,14,0,2
2024,JUNIO,BOCAGRANDE,INSPECCION DE POLICIA DE BOCAGRANDE,0,582,0,64
2024,JULIO,BOCAGRANDE,INSPECCION DE POLICIA DE BOCAGRANDE,0,762,0,82
2024,AGOSTO,BOCAGRANDE,INSPECCION DE POLICIA DE BOCAGRANDE,0,768,0,88
2024,SEPTIEMBRE,BOCAGRANDE,INSPECCION DE POLICIA DE BOCAGRANDE,0,830,0,93
2024,OCTUBRE,BOCAGRANDE,INSPECCION DE POLICIA DE BOCAGRANDE,0,946,0,91
2024,NOVIEMBRE,BOCAGRANDE,INSPECCION DE POLICIA DE BOCAGRANDE,0,898,0,74
2024,DICIEMBRE,BOCAGRANDE,INSPECCION DE POLICIA DE BOCAGRANDE,0,1065,0,85
2025,ENERO,BOCAGRANDE,INSPECCION DE POLICIA DE BOCAGRANDE,0,1182,0,99
2025,FEBRERO,BOCAGRANDE,INSPECCION DE POLICIA DE BOCAGRANDE,2,945,0,115
2025,MARZO,BOCAGRANDE,INSPECCION DE POLICIA DE BOCAGRANDE,3,1024,0,76
2024,ENERO,BLAS DE LEZO,INSPECCION DE POLICIA BLAS DE LEZO,0,5,0,0
2024,FEBRERO,BLAS DE LEZO,INSPECCION DE POLICIA BLAS DE LEZO,0,5,0,0
2024,MARZO,BLAS DE LEZO,INSPECCION DE POLICIA BLAS DE LEZO,0,0,0,1
2024,ABRIL,BLAS DE LEZO,INSPECCION DE POLICIA BLAS DE LEZO,0,1,0,0
2024,MAYO,BLAS DE LEZO,INSPECCION DE POLICIA BLAS DE LEZO,0,14,0,2
2024,JUNIO,BLAS DE LEZO,INSPECCION DE POLICIA BLAS DE LEZO,0,582,0,64
2024,JULIO,BLAS DE LEZO,INSPECCION DE POLICIA BLAS DE LEZO,0,762,0,82
2024,AGOSTO,BLAS DE LEZO,INSPECCION DE POLICIA BLAS DE LEZO,0,768,0,88
2024,SEPTIEMBRE,BLAS DE LEZO,INSPECCION DE POLICIA BLAS DE LEZO,0,830,0,93
2024,OCTUBRE,BLAS DE LEZO,INSPECCION DE POLICIA BLAS DE LEZO,0,946,0,91
2024,NOVIEMBRE,BLAS DE LEZO,INSPECCION DE POLICIA BLAS DE LEZO,0,898,0,74
2024,DICIEMBRE,BLAS DE LEZO,INSPECCION DE POLICIA BLAS DE LEZO,0,1065,0,85
2025,ENERO,BLAS DE LEZO,INSPECCION DE POLICIA BLAS DE LEZO,0,1182,0,99
2025,FEBRERO,BLAS DE LEZO,INSPECCION DE POLICIA BLAS DE LEZO,2,945,0,115
2025,MARZO,BLAS DE LEZO,INSPECCION DE POLICIA BLAS DE LEZO,3,1024,0,76
2024,ENERO,EL POZON,INSPECCION DE POLICA EL POZON,0,1,0,0
2024,FEBRERO,EL POZON,INSPECCION DE POLICA EL POZON,0,4,0,0
2024,MARZO,EL POZON,INSPECCION DE POLICA EL POZON,0,1,0,0
2024,ABRIL,EL POZON,INSPECCION DE POLICA EL POZON,0,3,0,0
2024,MAYO,EL POZON,INSPECCION DE POLICA EL POZON,0,15,0,2
2024,JUNIO,EL POZON,INSPECCION DE POLICA EL POZON,0,573,0,14
2024,JULIO,EL POZON,INSPECCION DE POLICA EL POZON,0,835,0,31
2024,AGOSTO,EL POZON,INSPECCION DE POLICA EL POZON,0,818,0,23
2024,SEPTIEMBRE,EL POZON,INSPECCION DE POLICA EL POZON,0,947,0,17
2024,OCTUBRE,EL POZON,INSPECCION DE POLICA EL POZON,0,862,0,18
2024,NOVIEMBRE,EL POZON,INSPECCION DE POLICA EL POZON,0,755,0,17
2024,DICIEMBRE,EL POZON,INSPECCION DE POLICA EL POZON,0,761,0,19
2025,ENERO,EL POZON,INSPECCION DE POLICA EL POZON,2,732,0,22
2025,FEBRERO,EL POZON,INSPECCION DE POLICA EL POZON,20,599,0,14
2025,MARZO,EL POZON,INSPECCION DE POLICA EL POZON,30,650,0,13
2024,ENERO,EL BOSQUE,INSPECCION DE POLICIA  DEL BOSQUE,0,4,0,0
2024,FEBRERO,EL BOSQUE,INSPECCION DE POLICIA  DEL BOSQUE,0,7,0,0
2024,MARZO,EL BOSQUE,INSPECCION DE POLICIA  DEL BOSQUE,0,7,0,0
2024,ABRIL,EL BOSQUE,INSPECCION DE POLICIA  DEL BOSQUE,0,0,0,0
2024,MAYO,EL BOSQUE,INSPECCION DE POLICIA  DEL BOSQUE,0,9,0,0
2024,JUNIO,EL BOSQUE,INSPECCION DE POLICIA  DEL BOSQUE,0,744,0,3
2024,JULIO,EL BOSQUE,INSPECCION DE POLICIA  DEL BOSQUE,1,796,0,5
2024,AGOSTO,EL BOSQUE,INSPECCION DE POLICIA  DEL BOSQUE,1,810,0,1
2024,SEPTIEMBRE,EL BOSQUE,INSPECCION DE POLICIA  DEL BOSQUE,0,932,0,10
2024,OCTUBRE,EL BOSQUE,INSPECCION DE POLICIA  DEL BOSQUE,0,911,0,0
2024,NOVIEMBRE,EL BOSQUE,INSPECCION DE POLICIA  DEL BOSQUE,0,905,0,2
2024,DICIEMBRE,EL BOSQUE,INSPECCION DE POLICIA  DEL BOSQUE,0,1012,0,1
2025,ENERO,EL BOSQUE,INSPECCION DE POLICIA  DEL BOSQUE,1,817,0,2
2025,FEBRERO,EL BOSQUE,INSPECCION DE POLICIA  DEL BOSQUE,0,945,0,0
2025,MARZO,EL BOSQUE,INSPECCION DE POLICIA  DEL BOSQUE,1,920,0,2
2024,ENERO,LAS PALMERAS,INSPECCION DE POLICIA DE LAS PALMERAS,0,20,0,0
2024,FEBRERO,LAS PALMERAS,INSPECCION DE POLICIA DE LAS PALMERAS,0,16,0,0
2024,MARZO,LAS PALMERAS,INSPECCION DE POLICIA DE LAS PALMERAS,0,50,0,3
2024,ABRIL,LAS PALMERAS,INSPECCION DE POLICIA DE LAS PALMERAS,0,29,0,0
2024,MAYO,LAS PALMERAS,INSPECCION DE POLICIA DE LAS PALMERAS,0,29,0,1
2024,JUNIO,LAS PALMERAS,INSPECCION DE POLICIA DE LAS PALMERAS,0,961,0,26
2024,JULIO,LAS PALMERAS,INSPECCION DE POLICIA DE LAS PALMERAS,0,1089,0,48
2024,AGOSTO,LAS PALMERAS,INSPECCION DE POLICIA DE LAS PALMERAS,0,837,0,33
2024,SEPTIEMBRE,LAS PALMERAS,INSPECCION DE POLICIA DE LAS PALMERAS,0,825,0,31
2024,OCTUBRE,LAS PALMERAS,INSPECCION DE POLICIA DE LAS PALMERAS,0,629,0,19
2024,NOVIEMBRE,LAS PALMERAS,INSPECCION DE POLICIA DE LAS PALMERAS,0,740,0,2
2024,DICIEMBRE,LAS PALMERAS,INSPECCION DE POLICIA DE LAS PALMERAS,0,788,0,5
2025,ENERO,LAS PALMERAS,INSPECCION DE POLICIA DE LAS PALMERAS,0,883,0,9
2025,FEBRERO,LAS PALMERAS,INSPECCION DE POLICIA DE LAS PALMERAS,1,690,0,4
2025,MARZO,LAS PALMERAS,INSPECCION DE POLICIA DE LAS PALMERAS,2,827,0,9
2024,ENERO,TERNERA,INSPECCION DE POLICIA DE TERNERA,0,0,0,0
2024,FEBRERO,TERNERA,INSPECCION DE POLICIA DE TERNERA,0,5,0,0
2024,MARZO,TERNERA,INSPECCION DE POLICIA DE TERNERA,0,1,0,1
2024,ABRIL,TERNERA,INSPECCION DE POLICIA DE TERNERA,0,6,0,1
2024,MAYO,TERNERA,INSPECCION DE POLICIA DE TERNERA,0,9,0,0
2024,JUNIO,TERNERA,INSPECCION DE POLICIA DE TERNERA,0,494,0,5
2024,JULIO,TERNERA,INSPECCION DE POLICIA DE TERNERA,0,391,0,6
2024,AGOSTO,TERNERA,INSPECCION DE POLICIA DE TERNERA,0,667,0,23
2024,SEPTIEMBRE,TERNERA,INSPECCION DE POLICIA DE TERNERA,0,556,0,35
2024,OCTUBRE,TERNERA,INSPECCION DE POLICIA DE TERNERA,0,589,0,40
2024,NOVIEMBRE,TERNERA,INSPECCION DE POLICIA DE TERNERA,0,641,0,53
2024,DICIEMBRE,TERNERA,INSPECCION DE POLICIA DE TERNERA,0,609,0,81
2025,ENERO,TERNERA,INSPECCION DE POLICIA DE TERNERA,1,532,0,58
2025,FEBRERO,TERNERA,INSPECCION DE POLICIA DE TERNERA,46,600,0,42
2025,MARZO,TERNERA,INSPECCION DE POLICIA DE TERNERA,55,772,0,48
2024,ENERO,NUEVO PARAISO,BIBLIOTECA NUEVO PARAISO,0,166,0,2
2024,FEBRERO,NUEVO PARAISO,BIBLIOTECA NUEVO PARAISO,0,1212,0,14
2024,MARZO,NUEVO PARAISO,BIBLIOTECA NUEVO PARAISO,0,166,0,2
2024,ABRIL,NUEVO PARAISO,BIBLIOTECA NUEVO PARAISO,0,17,0,0
2024,MAYO,NUEVO PARAISO,BIBLIOTECA NUEVO PARAISO,0,696,0,22
2024,JUNIO,NUEVO PARAISO,BIBLIOTECA NUEVO PARAISO,0,1127,0,14
2024,JULIO,NUEVO PARAISO,BIBLIOTECA NUEVO PARAISO,0,1454,0,32
2024,AGOSTO,NUEVO PARAISO,BIBLIOTECA NUEVO PARAISO,0,1288,0,51
2024,SEPTIEMBRE,NUEVO PARAISO,BIBLIOTECA NUEVO PARAISO,0,1343,0,48
2024,OCTUBRE,NUEVO PARAISO,BIBLIOTECA NUEVO PARAISO,0,1611,0,53
2024,NOVIEMBRE,NUEVO PARAISO,BIBLIOTECA NUEVO PARAISO,0,1685,0,53
2024,DICIEMBRE,NUEVO PARAISO,BIBLIOTECA NUEVO PARAISO,0,1631,0,60
2025,ENERO,NUEVO PARAISO,BIBLIOTECA NUEVO PARAISO,0,1672,0,45
2025,FEBRERO,NUEVO PARAISO,BIBLIOTECA NUEVO PARAISO,7,1703,0,62
2025,MARZO,NUEVO PARAISO,BIBLIOTECA NUEVO PARAISO,6,2034,0,77
2024,ENERO,LA BOQUILLA,BIBLIOTECA BOQUILLA,0,0,0,0
2024,FEBRERO,LA BOQUILLA,BIBLIOTECA BOQUILLA,0,0,0,0
2024,MARZO,LA BOQUILLA,BIBLIOTECA BOQUILLA,0,0,0,0
2024,ABRIL,LA BOQUILLA,BIBLIOTECA BOQUILLA,0,0,0,0
2024,MAYO,LA BOQUILLA,BIBLIOTECA BOQUILLA,0,38,0,2
2024,JUNIO,LA BOQUILLA,BIBLIOTECA BOQUILLA,0,336,0,11
2024,JULIO,LA BOQUILLA,BIBLIOTECA BOQUILLA,0,296,0,9
2024,AGOSTO,LA BOQUILLA,BIBLIOTECA BOQUILLA,1,773,0,57
2024,SEPTIEMBRE,LA BOQUILLA,BIBLIOTECA BOQUILLA,0,600,0,50
2024,OCTUBRE,LA BOQUILLA,BIBLIOTECA BOQUILLA,0,780,0,35
2024,NOVIEMBRE,LA BOQUILLA,BIBLIOTECA BOQUILLA,0,1169,0,47
2024,DICIEMBRE,LA BOQUILLA,BIBLIOTECA BOQUILLA,0,931,0,33
2025,ENERO,LA BOQUILLA,BIBLIOTECA BOQUILLA,0,1557,0,24
2025,FEBRERO,LA BOQUILLA,BIBLIOTECA BOQUILLA,5,1329,0,2
2025,MARZO,LA BOQUILLA,BIBLIOTECA BOQUILLA,15,1662,0,25
2024,ENERO,PONTEZUELA,BIBLIOTECA PONTEZUELA,0,0,0,0
2024,FEBRERO,PONTEZUELA,BIBLIOTECA PONTEZUELA,0,0,0,0
2024,MARZO,PONTEZUELA,BIBLIOTECA PONTEZUELA,0,0,0,0
2024,ABRIL,PONTEZUELA,BIBLIOTECA PONTEZUELA,0,0,0,0
2024,MAYO,PONTEZUELA,BIBLIOTECA PONTEZUELA,0,123,0,8
2024,JUNIO,PONTEZUELA,BIBLIOTECA PONTEZUELA,0,474,0,13
2024,JULIO,PONTEZUELA,BIBLIOTECA PONTEZUELA,0,713,0,24
2024,AGOSTO,PONTEZUELA,BIBLIOTECA PONTEZUELA,0,1057,0,22
2024,SEPTIEMBRE,PONTEZUELA,BIBLIOTECA PONTEZUELA,0,1069,0,23
2024,OCTUBRE,PONTEZUELA,BIBLIOTECA PONTEZUELA,0,1722,0,58
2024,NOVIEMBRE,PONTEZUELA,BIBLIOTECA PONTEZUELA,0,1571,0,39
2024,DICIEMBRE,PONTEZUELA,BIBLIOTECA PONTEZUELA,1,1600,0,29
2025,ENERO,PONTEZUELA,BIBLIOTECA PONTEZUELA,1,1697,0,28
2025,FEBRERO,PONTEZUELA,BIBLIOTECA PONTEZUELA,3,1464,0,22
2025,MARZO,PONTEZUELA,BIBLIOTECA PONTEZUELA,12,1701,0,46
2024,ENERO,CIUDAD DEL BICENTENARIO,BIBLIOTECA BICENTENARIO,0,0,0,0
2024,FEBRERO,CIUDAD DEL BICENTENARIO,BIBLIOTECA BICENTENARIO,0,0,0,0
2024,MARZO,CIUDAD DEL BICENTENARIO,BIBLIOTECA BICENTENARIO,0,0,0,0
2024,ABRIL,CIUDAD DEL BICENTENARIO,BIBLIOTECA BICENTENARIO,0,0,0,0
2024,MAYO,CIUDAD DEL BICENTENARIO,BIBLIOTECA BICENTENARIO,0,15,0,1
2024,JUNIO,CIUDAD DEL BICENTENARIO,BIBLIOTECA BICENTENARIO,1,428,0,11
2024,JULIO,CIUDAD DEL BICENTENARIO,BIBLIOTECA BICENTENARIO,1,532,0,24
2024,AGOSTO,CIUDAD DEL BICENTENARIO,BIBLIOTECA BICENTENARIO,1,786,0,25
2024,SEPTIEMBRE,CIUDAD DEL BICENTENARIO,BIBLIOTECA BICENTENARIO,1,689,0,24
2024,OCTUBRE,CIUDAD DEL BICENTENARIO,BIBLIOTECA BICENTENARIO,0,678,0,22
2024,NOVIEMBRE,CIUDAD DEL BICENTENARIO,BIBLIOTECA BICENTENARIO,0,663,0,19
2024,DICIEMBRE,CIUDAD DEL BICENTENARIO,BIBLIOTECA BICENTENARIO,0,674,0,21
2025,ENERO,CIUDAD DEL BICENTENARIO,BIBLIOTECA BICENTENARIO,0,531,0,4
2025,FEBRERO,CIUDAD DEL BICENTENARIO,BIBLIOTECA BICENTENARIO,3,524,0,5
2025,MARZO,CIUDAD DEL BICENTENARIO,BIBLIOTECA BICENTENARIO,3,742,0,25
2024,ENERO,PUNTA CANOA,PUNTA CANOA,0,0,0,0
2024,FEBRERO,PUNTA CANOA,PUNTA CANOA,0,0,0,0
2024,MARZO,PUNTA CANOA,PUNTA CANOA,0,0,0,0
2024,ENERO,PUNTA CANOA,PUNTA CANOA,0,0,0,0
2024,FEBRERO,PUNTA CANOA,PUNTA CANOA,0,0,0,0
2024,MARZO,PUNTA CANOA,PUNTA CANOA,0,0,0,0
2024,ABRIL,PUNTA CANOA,PUNTA CANOA,0,0,0,0
2024,MAYO,PUNTA CANOA,PUNTA CANOA,0,0,0,0
2024,JUNIO,PUNTA CANOA,PUNTA CANOA,0,36,0,18
2024,JULIO,PUNTA CANOA,PUNTA CANOA,0,356,0,23
2024,AGOSTO,PUNTA CANOA,PUNTA CANOA,1,831,0,29
2024,SEPTIEMBRE,PUNTA CANOA,PUNTA CANOA,0,679,0,25
2024,OCTUBRE,PUNTA CANOA,PUNTA CANOA,0,572,0,29
2024,NOVIEMBRE,PUNTA CANOA,PUNTA CANOA,0,306,0,21
2024,DICIEMBRE,PUNTA CANOA,PUNTA CANOA,0,66,0,7
2025,ENERO,PUNTA CANOA,PUNTA CANOA,0,136,0,1
2025,FEBRERO,PUNTA CANOA,PUNTA CANOA,1,1056,0,9
2025,MARZO,PUNTA CANOA,PUNTA CANOA,4,1226,0,37
2024,ENERO,TIERRA BOMBA,TIERRA BOMBA,0,0,0,0
2024,FEBRERO,TIERRA BOMBA,TIERRA BOMBA,0,0,0,0
2024,MARZO,TIERRA BOMBA,TIERRA BOMBA,0,0,0,0
2024,ENERO,TIERRA BOMBA,TIERRA BOMBA,0,0,0,0
2024,FEBRERO,TIERRA BOMBA,TIERRA BOMBA,0,0,0,0
2024,MARZO,TIERRA BOMBA,TIERRA BOMBA,0,0,0,0
2024,ABRIL,TIERRA BOMBA,TIERRA BOMBA,0,0,0,0
2024,MAYO,TIERRA BOMBA,TIERRA BOMBA,0,0,0,0
2024,JUNIO,TIERRA BOMBA,TIERRA BOMBA,0,56,0,0
2024,JULIO,TIERRA BOMBA,TIERRA BOMBA,0,101,0,6
2024,AGOSTO,TIERRA BOMBA,TIERRA BOMBA,0,13,0,0
2024,SEPTIEMBRE,TIERRA BOMBA,TIERRA BOMBA,0,0,0,0
2024,OCTUBRE,TIERRA BOMBA,TIERRA BOMBA,0,255,0,1
2024,NOVIEMBRE,TIERRA BOMBA,TIERRA BOMBA,0,578,0,0
2024,DICIEMBRE,TIERRA BOMBA,TIERRA BOMBA,0,0,0,0
2025,ENERO,TIERRA BOMBA,TIERRA BOMBA,0,0,0,0
2025,FEBRERO,TIERRA BOMBA,TIERRA BOMBA,0,1,0,0
2025,MARZO,TIERRA BOMBA,TIERRA BOMBA,0,0,0,0
2024,DICIEMBRE,ARROYO GRANDE,INSPECCION DE POLICIA ARROYO GRANDE,0,2005,0,24
2025,ENERO,ARROYO GRANDE,INSPECCION DE POLICIA ARROYO GRANDE,2,2980,0,36
2025,FEBRERO,ARROYO GRANDE,INSPECCION DE POLICIA ARROYO GRANDE,2,2883,0,30
2025,MARZO,ARROYO GRANDE,INSPECCION DE POLICIA ARROYO GRANDE,16,4289,0,31
2024,DICIEMBRE,PONTEZUELA,INSPECCION DE POLICIA PONTEZUELA,46,1632,0,19
2025,ENERO,PONTEZUELA,INSPECCION DE POLICIA PONTEZUELA,29,2437,0,26
2025,FEBRERO,PONTEZUELA,INSPECCION DE POLICIA PONTEZUELA,68,2774,0,4
2025,MARZO,PONTEZUELA,INSPECCION DE POLICIA PONTEZUELA,55,2921,0,10
2024,DICIEMBRE,FREDONIA,COLEGIO FREDONIA,0,498,0,12
2025,ENERO,FREDONIA,COLEGIO FREDONIA,0,17,0,0
2025,FEBRERO,FREDONIA,COLEGIO FREDONIA,2,887,0,20
2025,MARZO,FREDONIA,COLEGIO FREDONIA,5,1340,0,13
2024,DICIEMBRE,BARU,INSPECCION DE POLICIA BARU,0,204,0,5
2025,ENERO,BARU,INSPECCION DE POLICIA BARU,2,477,0,17
2025,FEBRERO,BARU,INSPECCION DE POLICIA BARU,3,450,0,12
2025,MARZO,BARU,INSPECCION DE POLICIA BARU,11,888,0,22
2024,DICIEMBRE,SANTA ANA,INSPECCION DE POLICIA SANTA ANA,1,429,0,5
2025,ENERO,SANTA ANA,INSPECCION DE POLICIA SANTA ANA,2,759,0,5
2025,FEBRERO,SANTA ANA,INSPECCION DE POLICIA SANTA ANA,11,1210,0,0
2025,MARZO,SANTA ANA,INSPECCION DE POLICIA SANTA ANA,24,1481,0,16
2024,DICIEMBRE,ARROYO DE PIEDRA,INSPECCION DE POLICIA ARROYO DE PIEDRA,2,1015,0,13
2025,ENERO,ARROYO DE PIEDRA,INSPECCION DE POLICIA ARROYO DE PIEDRA,0,1800,0,33
2025,FEBRERO,ARROYO DE PIEDRA,INSPECCION DE POLICIA ARROYO DE PIEDRA,2,1731,0,28
2025,MARZO,ARROYO DE PIEDRA,INSPECCION DE POLICIA ARROYO DE PIEDRA,6,1953,0,21
